president_name,speech_title,speech_date,speech_duration
John F. Kennedy,Address to the UN General Assembly,"September 20, 1963",3496
Lyndon B. Johnson,Address on Vietnam to the Tennessee General Assembly,"March 15, 1967",3422
Grover Cleveland,Veto of Military Pension Legislation,"May 08, 1886",816
George H. W. Bush,Address Before a Joint Session of Congress,"February 09, 1989",4784
William McKinley,Fourth Annual Message,"December 03, 1900",19141
Franklin Pierce,Expansion of August 4 Veto Message,"December 30, 1854",7096
Ulysses S. Grant,Seventh Annual Message,"December 07, 1875",12200
Richard M. Nixon,State of the Union Address,"January 20, 1972",3968
Barack Obama,Statement on the Government Sequester,"March 01, 2013",5312
Woodrow Wilson,Speech of Acceptance,"September 02, 1916",5509
Ulysses S. Grant,Proclamation Regarding Fenian Brotherhood,"May 24, 1870",271
Thomas Jefferson,Special Message to Congress on Indian Policy,"January 18, 1803",1283
Ronald Reagan,Speech to the United Nations General Assembly,"June 17, 1982",3488
John F. Kennedy,Debate with Richard Nixon in New York and Los Angeles,"October 13, 1960",10849
Gerald Ford,Remarks on Clemency for Vietnam Era Draft Evaders,"September 16, 1974",591
Ulysses S. Grant,Sixth Annual Message,"December 07, 1874",9793
Ronald Reagan,Address on Central America,"April 27, 1983",4298
Woodrow Wilson,"Address at Congress Hall, Philadelphia","October 25, 1913",1943
Barack Obama,Address to the Nation on Immigration,"November 20, 2014",2222
Andrew Johnson,Executive Order Regarding Discharged Prisoners of War,"June 06, 1865",298
Grover Cleveland,Veto of Military Pension Legislation,"February 11, 1887",4195
Lyndon B. Johnson,Press Conference at the White House,"August 25, 1965",4869
Lyndon B. Johnson,"Speech at the Jung Hotel, New Orleans","October 09, 1964",4250
Theodore Roosevelt,Proclamation Declaring US Neutrality,"February 11, 1904",2210
Ronald Reagan,Farewell Address at the Republican National Convention,"August 15, 1988",4476
Dwight D. Eisenhower,Chance for Peace,"April 16, 1953",2891
Martin Van Buren,Third Annual Message to Congress,"December 02, 1839",13416
Franklin Pierce,Message Regarding US-Spanish Relations,"August 01, 1854",679
George W. Bush,Address to the Nation on the Terrorist Attacks,"September 11, 2001",594
Franklin D. Roosevelt,Fireside Chat 10: On New Legislation,"October 12, 1937",3269
Woodrow Wilson,"""A World League for Peace"" Speech","January 22, 1917",2680
Thomas Jefferson,First Annual Message,"December 08, 1801",3232
Ronald Reagan,Bergen-Belsen Concentration Camp,"May 05, 1985",1127
Donald Trump,Task Force Briefing on the Coronavirus Pandemic,"April 23, 2020",12330
James Monroe,Sixth Annual Message,"December 03, 1822",4729
John F. Kennedy,American University Commencement,"June 10, 1963",3387
Warren G. Harding,First Annual Message,"December 06, 1921",5595
Herbert Hoover,First State of the Union Address,"December 03, 1929",10987
George W. Bush,State of the Union Address,"January 23, 2007",5541
Abraham Lincoln,First Inaugural Address,"March 04, 1861",3621
Joe Biden,Remarks on the Middle East,"May 31, 2024",1854
John F. Kennedy,Remarks to a U.N. Delegation of Women,"December 11, 1961",461
John Quincy Adams,Message Regarding the Congress of American Nations,"December 06, 1825",1050
Andrew Johnson,Establishing Rewards for the Arrest of Certain Confederate Officers,"May 02, 1865",892
James Madison,Second Inaugural Address,"March 04, 1813",1210
Barack Obama,Address at Cairo University,"June 04, 2009",5955
Herbert Hoover,Message Regarding International Peace,"September 18, 1929",633
Theodore Roosevelt,Message Regarding Panama Canal,"January 08, 1906",1112
George H. W. Bush,Debate with Bill Clinton and Ross Perot,"October 11, 1992",16408
Martin Van Buren,Proclamation,"January 05, 1838",395
Bill Clinton,Remarks at the Signing of the Israeli-Palestinian Agreement,"September 13, 1993",1130
John F. Kennedy,Acceptance of the Democratic Party Nomination,"July 15, 1960",2482
Franklin D. Roosevelt,Dedication of a Memorial to the Northwest Territory,"July 08, 1938",1409
Bill Clinton,"Address to the People and Relief Workers of Grand Forks, ND","April 22, 1997",1204
Millard Fillmore,Announcement of Texas’ Acceptance of Compromise Propositions,"December 13, 1850",610
George Washington,Eighth Annual Message to Congress,"December 07, 1796",2864
Donald Trump,Statement on the Coronavirus,"March 11, 2020",1274
Grover Cleveland,Message Regarding the Financial Crisis,"January 28, 1895",2330
Joe Biden,Remarks on Situation in Afghanistan,"August 16, 2021",2363
Lyndon B. Johnson,Press Conference in the East Room,"June 01, 1965",4534
William McKinley,Proclamation Calling for Military Volunteers,"April 23, 1898",320
George Washington,Fifth Annual Message to Congress,"December 03, 1793",1823
Ronald Reagan,Remarks at the Veteran's Day Ceremony,"November 11, 1988",280
Andrew Johnson,Third Annual Message to Congress,"December 03, 1867",11983
Barack Obama,Remarks on the End of the War in Iraq,"October 21, 2011",964
Herbert Hoover,Speech Accepting the Republican Nomination,"August 11, 1932",7235
Lyndon B. Johnson,Thanksgiving Message,"November 28, 1963",2046
Andrew Jackson,Message Regarding South Carolina Nullification of Federal Legislation,"January 16, 1833",11442
Donald Trump,Remarks on National Security Strategy,"December 18, 2017",3038
Jimmy Carter,Speech on Afghanistan,"January 04, 1980",1354
Thomas Jefferson,Fourth Annual Message,"November 08, 1804",2094
Ulysses S. Grant,Proclamation Establishing US Neutrality,"August 22, 1870",1705
Franklin D. Roosevelt,Fireside Chat 25: On the Fall of Mussolini,"July 28, 1943",3489
George W. Bush,Graduation Speech at West Point,"June 01, 2002",2870
Franklin Pierce,Special Session Message Regarding Military Support,"August 21, 1856",903
John Tyler,Third Annual Message to Congress,"December 05, 1843",8026
John F. Kennedy,Report on the Berlin Crisis,"July 25, 1961",4039
Jimmy Carter,Acceptance Speech at the Democratic National Convention,"August 14, 1980",4625
Donald Trump,"Statement on the School Shooting in Parkland, Florida","February 15, 2018",698
Barack Obama,Remarks on Education and the Economy,"July 24, 2013",4415
Woodrow Wilson,First Inaugural Address,"March 04, 1913",1576
Ulysses S. Grant,Message Submitting State Constitutions to a Vote,"May 14, 1869",819
Thomas Jefferson,Eighth Annual Message,"November 08, 1808",2708
Ronald Reagan,State of the Union Address,"January 25, 1983",5536
James Buchanan,Message on the Capture of the Wildfire,"May 19, 1860",1422
George W. Bush,Hurricane Relief Address from New Orleans,"September 15, 2005",3307
Franklin D. Roosevelt,Fireside Chat 22: On Inflation and Food Prices,"September 07, 1942",3185
John F. Kennedy,Inaugural Address,"January 20, 1961",1341
John Tyler,Message Regarding US-Mexican Affairs,"December 18, 1844",1763
Joe Biden,Announcing the American Jobs Plan,"March 31, 2021",4402
William McKinley,Proclamation Regarding Blockade of Cuba,"April 22, 1898",444
Lyndon B. Johnson,Inaugural Address,"January 20, 1965",1479
Herbert Hoover,Fourth State of the Union Address,"December 06, 1932",4202
Barack Obama,2010 State of the Union Address,"January 27, 2010",7216
Andrew Johnson,Veto Message on Civil Rights Legislation,"March 27, 1866",4421
Andrew Jackson,Bank Veto,"July 10, 1832",8090
Lyndon B. Johnson,Press Conference at the State Department,"July 24, 1964",4495
Ronald Reagan,Speech to the Nation on Air Strikes Against Libya,"April 14, 1986",980
Woodrow Wilson,Address to Congress Requesting a Declaration of War Against Germany,"April 02, 1917",3666
Jimmy Carter,University of Notre Dame Commencement,"May 22, 1977",3181
Rutherford B. Hayes,Third Annual Message,"December 01, 1879",11633
James K. Polk,Message Regarding the Treaty of Guadalupe Hidalgo,"February 08, 1849",4142
Bill Clinton,Remarks at the Democratic National Convention,"August 29, 1996",7039
Harry S. Truman,Rear Platform Remarks,"October 22, 1952",1250
Franklin D. Roosevelt,Address to Congress on Yalta,"March 01, 1945",5926
William Taft,Second Annual Message,"December 06, 1910",27447
George H. W. Bush,Address Before a Joint Session of Congress on the End of the Gulf War,"March 06, 1991",2751
Benjamin Harrison,Fourth Annual Message,"December 06, 1892",13668
Lyndon B. Johnson,Speech on Vietnam,"September 29, 1967",2758
Calvin Coolidge,Inaugural Address,"March 04, 1925",4051
James Buchanan,Message on Threats to the Peace and Existence of the Union,"January 08, 1861",2002
James Madison,Special Message to Congress on the Foreign Policy Crisis -- War Message,"June 01, 1812",2850
Bill Clinton,First Inaugural,"January 20, 1993",1598
Theodore Roosevelt,Message Regarding Conditions in Panama,"December 17, 1906",11991
Richard M. Nixon,Radio Address About Second Annual Foreign Policy Report to the Congress,"February 25, 1971",3504
Benjamin Harrison,Third Annual Message,"December 09, 1891",16291
John F. Kennedy,Remarks at the Veterans Day Ceremony,"November 11, 1961",1030
Warren G. Harding,Inaugural Address,"March 04, 1921",3242
James Madison,"Proclamation upon British Depredations, Burning of the Capitol","September 01, 1814",694
Warren G. Harding,Speech Accepting the Republican Nomination,"June 12, 1920",6820
George Washington,Seventh Annual Message to Congress,"December 08, 1795",1976
Ronald Reagan,Debate with Walter Mondale (Domestic Issues),"October 07, 1984",15331
Rutherford B. Hayes,Veto Message Regarding Economic Legislation,"March 03, 1881",1245
Gerald Ford,Address on U.S. Foreign Policy,"April 10, 1975",6060
Bill Clinton,Remarks on the Signing of NAFTA,"December 08, 1993",2577
James K. Polk,Message Requesting the Creation of an Oregon Territory,"August 05, 1846",345
Zachary Taylor,Message Regarding Newly Acquired Territories,"January 23, 1850",1678
Harry S. Truman,Columbia Scholastic Press Association,"March 15, 1952",1947
Bill Clinton,Remarks to the Convocation of the Church of God in Christ in Memphis,"November 13, 1993",4272
James K. Polk,Message Regarding Treaty with Cherokees,"August 07, 1846",680
Zachary Taylor,First Annual Message,"December 04, 1849",7617
Harry S. Truman,Jefferson-Jackson Day Dinner,"March 29, 1952",3712
Warren G. Harding,Readjustment,"May 14, 1920",549
George Washington,Proclamation of Pardons in Western Pennsylvania,"July 10, 1795",382
Ronald Reagan,Republican National Convention,"August 23, 1984",5043
James A. Garfield,Inaugural Address,"March 04, 1881",2943
Gerald Ford,Remarks at Tulane University,"April 23, 1975",2362
John F. Kennedy,University of Washington's 100th Anniversary,"November 16, 1961",2072
Warren G. Harding,Nationalism and Americanism,"March 31, 1921",545
James Madison,Sixth Annual Message,"September 20, 1814",2111
Bill Clinton,"Press Conference on ""Gays in the Military""","January 29, 1993",2327
Theodore Roosevelt,Message Regarding Disturbances in Texas,"December 19, 1906",4437
Richard M. Nixon,State of the Union Address,"January 22, 1971",4480
Benjamin Harrison,Message Regarding Death of Treasury Secretary,"January 31, 1891",488
Calvin Coolidge,Centennial of Washington’s Command of the Continental Army,"July 03, 1925",6305
James Buchanan,Message on Resolutions of Virginia,"January 28, 1861",752
James Madison,Proclamation of a State of War with Great Britain,"June 19, 1812",288
William Taft,Special Message on Canadian Reciprocity,"January 26, 1911",2285
George H. W. Bush,Press Conference with Mikhail Gorbachev,"July 31, 1991",11940
Benjamin Harrison,Speech Accepting the Republican Nomination,"September 03, 1892",7899
Lyndon B. Johnson,Press Conference,"August 18, 1967",4317
Zachary Taylor,Inaugural Address,"March 05, 1849",1082
Bill Clinton,Victims Rights Announcement,"June 25, 1996",1899
Richard M. Nixon,"""Checkers"" Speech","September 23, 1952",4641
Harry S. Truman,First Speech to Congress,"April 16, 1945",1863
Ronald Reagan,State of the Union Address,"February 04, 1986",3472
Woodrow Wilson,Second Inaugural Address,"March 05, 1917",1420
Jimmy Carter,Statement on the Panama Canal Treaty Signing,"September 07, 1977",691
Rutherford B. Hayes,Message Regarding Central American Canal,"March 08, 1880",538
Herbert Hoover,Campaign speech in St Paul Minnesota,"November 05, 1932",7974
Barack Obama,Acceptance of Nobel Peace Prize,"December 10, 2009",4284
Andrew Johnson,Proclamation on the End of the Confederate Insurrection,"April 02, 1866",1376
Andrew Jackson,Message Regarding Indian Removal,"February 15, 1832",409
Lyndon B. Johnson,Report on the Gulf of Tonkin Incident,"August 04, 1964",544
Joe Biden,First Press Conference,"March 25, 2021",9726
William McKinley,Message Regarding Cuban Civil War,"April 11, 1898",5814
George Washington,First Inaugural Address,"April 30, 1789",1430
Lyndon B. Johnson,Press Conference,"February 04, 1965",4461
James Buchanan,Protest of Congressional Investigations,"March 28, 1860",2402
George W. Bush,Address on Renewal in Iraq,"December 18, 2005",2262
Franklin D. Roosevelt,Fireside Chat 23: On the Home Front,"October 12, 1942",3496
Dwight D. Eisenhower,Farewell Address,"January 17, 1961",1829
John Tyler,Message Regarding the Slave Trade,"February 20, 1845",1089
Jimmy Carter,Debate with Ronald Reagan,"October 28, 1980",15294
Donald Trump,Remarks at the Conservative Political Action Conference,"February 23, 2018",9974
Barack Obama,Remarks on Trayvon Martin,"July 19, 2013",2156
William Taft,Fourth Annual Message,"December 03, 1912",25166
Thomas Jefferson,Seventh Annual Message,"October 27, 1807",2365
Ulysses S. Grant,Message Regarding Virginia Constitution,"April 07, 1869",612
Ronald Reagan,Address to the Nation on Lebanon,"September 20, 1982",1272
Franklin D. Roosevelt,Fireside Chat 26: On the Armistice in Italy,"September 08, 1943",1476
George W. Bush,Address to the Nation on the Department of Homeland Security,"June 06, 2002",1515
Franklin Pierce,Proclamation Addressing Disturbances in Kansas,"February 11, 1856",632
John Tyler,Message Regarding Disturbances in Rhode Island,"April 09, 1844",1959
John F. Kennedy,Remarks to the Graduating Class of the US Naval Academy,"June 07, 1961",1299
Donald Trump,Address at the World Economic Forum,"January 26, 2018",3678
Jimmy Carter,State of the Union Address,"January 23, 1980",3411
Ulysses S. Grant,Message Regarding US International Relations,"July 14, 1870",5684
Thomas Jefferson,Address to the Brothers of Choctaw Nation,"December 17, 1803",1140
Andrew Johnson,Message Regarding the Suspension of Secretary Stanton,"December 12, 1867",5851
Barack Obama,Address to Congress on the American Jobs Act,"September 08, 2011",4188
Herbert Hoover,Statement on the National Economy,"May 31, 1932",2557
Lyndon B. Johnson,Address to the U.N. General Assembly,"December 17, 1963",3066
Andrew Jackson,Nullification Proclamation,"December 10, 1832",8875
Grover Cleveland,Second Annual Message (Second Term),"December 03, 1894",15890
Joe Biden,Speech on the Drawdown of US Forces in Afghanistan,"July 08, 2021",4031
Lyndon B. Johnson,Remarks at the Howard University Commencement,"June 04, 1965",2788
William McKinley,Second Annual Message,"December 05, 1898",20209
George Washington,Proclamation against Opposition to Execution of Laws and Excise Duties in Western Pennsylvania,"August 07, 1794",1285
Ronald Reagan,Speech on Foreign Policy,"December 16, 1988",7127
George Washington,Farewell Address,"September 19, 1796",6063
Donald Trump,Press Conference about the Coronavirus,"March 13, 2020",12336
Martin Van Buren,Message Regarding Disturbances and Hostilities on the Canadian Border,"November 21, 1838",509
Bill Clinton,Speech at the 25th Anniversary Memorial Mass for Robert F. Kennedy,"June 06, 1993",1081
Dwight D. Eisenhower,State of the Union Address,"January 07, 1960",5661
Franklin D. Roosevelt,Fireside Chat 14: On the European War,"September 03, 1939",1243
Bill Clinton,Response to the Lewinsky Allegations,"January 26, 1998",939
Millard Fillmore,First Annual Message,"December 02, 1850",7689
Theodore Roosevelt,Message Regarding Meatpacking Plants,"June 04, 1906",953
George H. W. Bush,Address on Somalia,"December 04, 1992",1124
John F. Kennedy,State of the Union Address,"January 11, 1962",6376
John Quincy Adams,Inaugural Address,"March 04, 1825",2907
Andrew Johnson,Proclamation Pardoning Persons who Participated in the Rebellion,"May 29, 1865",951
James Madison,Message on the Special Congressional Session -- State of War and Diplomacy,"May 25, 1813",2083
Barack Obama,Remarks on Nominating Judge Sonia Sotomayor to the U.S. Supreme Court,"May 26, 2009",1516
Herbert Hoover,Remarks Upon Proclaiming the Treaty for the Renunciation of War (Kellog-Briand Pact),"July 24, 1929",1091
Joe Biden,State of Union Address,"March 07, 2024",8302
James Monroe,Fifth Annual Message,"December 03, 1821",5814
John F. Kennedy,Address on Civil Rights,"June 11, 1963",1982
Warren G. Harding,Second Annual Message,"December 08, 1922",5742
Herbert Hoover,Statement on the Economy,"November 19, 1929",588
George W. Bush,Address on Military Operations in Iraq,"January 10, 2007",2916
Abraham Lincoln,July 4th Message to Congress,"July 04, 1861",6243
Woodrow Wilson,Fourth Annual Message,"December 05, 1916",2118
Thomas Jefferson,The Reply to New Haven Remonstrance,"July 12, 1801",1215
Ronald Reagan,State of the Union Address,"February 06, 1985",4212
Donald Trump,Statement on Protests Against Police Brutality,"June 01, 2020",801
Dwight D. Eisenhower,State of the Union Address,"February 02, 1953",6986
Martin Van Buren,Fourth Annual Message to Congress,"December 05, 1840",8978
Franklin Pierce,Message Regarding Transit Across Central America,"May 15, 1854",3023
George W. Bush,Address on the U.S. Response to the Attacks of September 11,"September 20, 2001",2957
Franklin D. Roosevelt,Fireside Chat 11: On the Unemployment Census,"November 14, 1937",1615
Grover Cleveland,Second Annual Message,"December 06, 1886",15134
Lyndon B. Johnson,Remarks on the Signing of the Voting Rights Act,"August 06, 1965",1855
Lyndon B. Johnson,Report to the Nation on Events in China and the USSR,"October 18, 1964",3880
Theodore Roosevelt,Fourth Annual Message,"December 06, 1904",17406
George H. W. Bush,Acceptance Speech at the Republican National Convention,"August 18, 1988",4138
Andrew Johnson,First Annual Message,"December 04, 1865",8503
Gerald Ford,Address to the General Assembly of the United Nations,"September 18, 1974",2072
Ulysses S. Grant,Message Regarding Intervention in Louisiana,"January 13, 1875",4875
Ronald Reagan,Address to the Nation on National Security,"March 23, 1983",4492
Woodrow Wilson,Address at Gettysburg,"July 04, 1913",1257
Barack Obama,2014 State of the Union Address,"January 28, 2014",6838
John F. Kennedy,"Debate with Richard Nixon in Washington, D.C.","October 07, 1960",11282
Ulysses S. Grant,Message on Presidential Powers and Obligations,"May 04, 1876",2768
Richard M. Nixon,Address to the Nation on Plan for Peace in Vietnam,"January 25, 1972",2502
Barack Obama,2013 State of the Union Address,"February 13, 2013",6918
Woodrow Wilson,Message Regarding German Actions,"April 19, 1916",1958
Thomas Jefferson,Second Annual Message,"December 15, 1802",2120
Ulysses S. Grant,Announcement of Fifteenth Amendment Ratification,"March 30, 1870",998
Ronald Reagan,Address to the Bundestag in West Germany,"June 09, 1982",3400
Franklin Pierce,Second Annual Message,"December 04, 1854",10134
Lyndon B. Johnson,Press Conference,"March 09, 1967",4423
Grover Cleveland,Message Regarding U.S. Labor Force,"April 22, 1886",1160
George H. W. Bush,Commencement Address at Texas A&M University,"May 12, 1989",2423
William McKinley,Second Inaugural Address,"March 04, 1901",2042
John F. Kennedy,Address at the Mormon Tabernacle,"September 26, 1963",3739
Joe Biden,State of the Union Address,"March 01, 2022",6486
Grover Cleveland,Announcing the Continuation of US Neutrality,"July 27, 1896",564
Lyndon B. Johnson,Report on the Situation in the Dominican Republic,"May 02, 1965",2634
George Washington,Second Inaugural Address,"March 04, 1793",134
Barack Obama,2011 State of the Union Address,"January 25, 2011",7030
Herbert Hoover,Statement on Foreign Debts,"June 21, 1931",867
Joe Biden,Address before the 79th United Nations General Assembly,"September 24, 2024",3228
Andrew Johnson,Message Regarding Reconstruction Legislation,"July 19, 1867",4620
Andrew Jackson,Addendum to the Protest of Senate Censure,"April 21, 1834",455
Lyndon B. Johnson,State of the Union,"January 08, 1964",3177
Jimmy Carter,President Carter's Remarks on Joint Statement at Camp David Summit,"September 17, 1978",746
Barack Obama,Farewell Address to the Nation,"January 10, 2017",4796
Barack Obama,Nominee Acceptance Speech at 2012 Democratic National Convention,"September 06, 2012",4664
Thomas Jefferson,Fifth Annual Message,"December 03, 1805",2888
Ulysses S. Grant,Message Regarding Unification of Germany,"February 07, 1871",557
Ronald Reagan,Remarks on the Air Traffic Controllers Strike,"August 03, 1981",2445
Woodrow Wilson,Message on Neutrality,"August 19, 1914",629
James Buchanan,Inaugural Address,"March 04, 1857",2605
Franklin D. Roosevelt,Fireside Chat 30: Opening Fifth War Loan Drive,"June 12, 1944",1664
George W. Bush,Address on the Start of the Iraq War,"March 19, 2003",581
John F. Kennedy,Report to the American People on Returning from Europe,"June 06, 1961",6356
John Tyler,Message Regarding Indian Affairs in Florida,"May 10, 1842",694
Donald Trump,State of the Union Address,"February 05, 2019",5144
Ronald Reagan,Address at University of Notre Dame,"May 17, 1981",3225
Ulysses S. Grant,First Inaugural Address,"March 04, 1869",1123
Thomas Jefferson,Proclamation in Response to the Chesapeake Affair,"July 02, 1807",1170
George W. Bush,State of the Union Address,"January 20, 2004",5164
Franklin D. Roosevelt,Fireside Chat 18: On The Greer Incident,"September 11, 1941",3082
Abraham Lincoln,Cooper Union Address,"February 27, 1860",13652
James K. Polk,War Message to Congress,"May 11, 1846",2973
John F. Kennedy,Remarks on the Youth Fitness Program,"February 21, 1961",964
William McKinley,First Inaugural Address,"March 04, 1897",3646
Donald Trump,Message After Pro-Trump Mob Overruns US Capitol,"January 07, 2021",364
George Washington,Thanksgiving Proclamation,"October 03, 1789",434
Ronald Reagan,Address to the Nation on Iran-Contra,"March 04, 1987",1883
Lyndon B. Johnson,Press Conference at the White House,"March 13, 1965",3896
Theodore Roosevelt,Second Annual Message,"December 02, 1902",9758
Andrew Johnson,Message Restoring Tennessee to Former Status,"July 24, 1866",1287
Franklin D. Roosevelt,Fireside Chat 5: On Addressing the Critics,"June 28, 1934",2527
Barack Obama,Address on the End of the Combat Mission in Iraq,"August 31, 2010",2576
Lyndon B. Johnson,Remarks at the University of Michigan,"May 22, 1964",1810
Andrew Jackson,Veto Message Regarding Funding of Infrastructure Development,"May 27, 1830",5478
John Adams,Third Annual Message,"December 03, 1799",1494
Ronald Reagan,Address on the Meetings with Soviet Premier Gorbachev,"October 13, 1986",2917
Woodrow Wilson,Proclamation 1364,"April 06, 1917",1537
Jimmy Carter,Debate with President Gerald Ford,"October 22, 1976",12921
Rutherford B. Hayes,Second Annual Message,"December 02, 1878",7878
Bill Clinton,State of the Union Address,"January 23, 1996",6323
James K. Polk,Announcement of Peace Treaty with Mexico,"July 04, 1848",240
Franklin Pierce,Inaugural Address,"March 04, 1853",3066
Harry S. Truman,Navy Day Address,"October 27, 1945",2569
William Taft,Message Regarding Economic Legislation,"January 07, 1910",8183
George H. W. Bush,State of the Union Address,"January 29, 1991",3918
Grover Cleveland,Message Regarding Hawaiian Annexation,"December 18, 1893",6188
Lyndon B. Johnson,Press Conference,"April 03, 1968",420
Calvin Coolidge,Message Regarding Relationship of Church and State,"October 20, 1925",2406
John F. Kennedy,Address on the Situation at the University of Mississippi,"September 30, 1962",1134
James Madison,Veto Act on Incorporating the Alexandria Protestant Episcopal Church,"February 21, 1811",336
Bill Clinton,Remarks at the Signing of the Family Medical Leave Act,"February 05, 1993",1045
Theodore Roosevelt,Seventh Annual Message,"December 03, 1907",27378
Lyndon B. Johnson,State of the Union Address,"January 14, 1969",8184
Benjamin Harrison,Statement at the International American Conference,"April 19, 1890",206
Warren G. Harding,America,"August 28, 1920",353
James Madison,Veto Message on the National Bank,"January 30, 1815",1279
Abraham Lincoln,Gettysburg Address,"November 19, 1863",264
Warren G. Harding,Americanism,"January 20, 1920",488
Ronald Reagan,40th Anniversary of D-Day,"June 06, 1984",1838
Chester A. Arthur,Veto of Safety Regulations Bill,"July 01, 1882",1206
Gerald Ford,Republican National Convention,"August 19, 1976",2886
James K. Polk,Third Annual Message,"December 07, 1847",16407
Bill Clinton,Remarks at the U.S. National Cemetery,"June 06, 1994",1305
Dwight D. Eisenhower,Eisenhower Doctrine,"January 05, 1957",3415
Harry S. Truman,Democratic National Convention,"July 15, 1948",2680
Andrew Johnson,Veto Message on Admitting Nebraska into the Union,"January 29, 1867",1444
Lyndon B. Johnson,Remarks on the Creation of the Department of Transportation,"October 15, 1966",836
Chester A. Arthur,Fourth Annual Message,"December 01, 1884",8855
George Washington,Third Annual Message to Congress,"October 25, 1791",2259
George H. W. Bush,Address to the Nation on Panama,"December 20, 1989",766
Lyndon B. Johnson,Statement on Arrests in Violo Liuzzo Murder,"March 26, 1965",766
William McKinley,"Speech in Buffalo, New York","September 05, 1901",2193
John F. Kennedy,"""President and the Press"" Speech","April 27, 1961",2405
Rutherford B. Hayes,Prohibition of Federal Employees’ Political Involvement,"June 22, 1877",143
Richard M. Nixon,Address to the Nation Announcing an Agreement on Ending the War in Vietnam,"January 23, 1973",1244
Woodrow Wilson,Third Annual Message,"December 07, 1915",7686
Ronald Reagan,Address to the British Parliament,"June 08, 1982",4363
Barack Obama,Remarks on Immigration Reform,"January 29, 2013",3079
James Buchanan,Second Annual Message,"December 06, 1858",16347
Richard M. Nixon,The President's News Conference,"February 25, 1974",5368
Ulysses S. Grant,Message on Civil Service Reform,"December 19, 1871",1432
Barack Obama,Remarks at the 50th Anniversary of the Selma Marches,"March 07, 2015",3729
Thomas Jefferson,Sixth Annual Message,"December 02, 1806",2876
Andrew Johnson,Veto Message Regarding Regulations on Confederate States,"June 20, 1868",1333
Ronald Reagan,Speech to the Nation on Lebanon and Grenada,"October 27, 1983",8236
Woodrow Wilson,Address to a Joint Session of Congress on Trusts and Monopolies,"January 20, 1914",2516
Lyndon B. Johnson,Press Conference at the White House,"March 07, 1964",4689
Benjamin Harrison,Inaugural Address,"March 04, 1889",4058
Lyndon B. Johnson,Press Conference at the LBJ Ranch,"July 05, 1966",4887
Theodore Roosevelt,Third Annual Message,"December 07, 1903",11437
Ronald Reagan,State of the Union Address,"January 25, 1988",4825
John Tyler,Veto Message Regarding the Bank of the United States,"August 16, 1841",2514
Bill Clinton,Address on Affirmative Action,"July 19, 1995",6413
Dwight D. Eisenhower,State of the Union Address,"January 07, 1954",6016
Bill Clinton,Farewell Address,"January 18, 2001",1106
Franklin D. Roosevelt,Democratic National Convention,"June 27, 1936",1986
Franklin Pierce,Message Regarding Proposed US-Mexican Convention,"March 14, 1854",544
Thomas Jefferson,First Inaugural Address,"March 04, 1801",1724
Donald Trump,Labor Day Press Conference,"September 07, 2020",8599
Lyndon B. Johnson,Remarks at Gettysburg on Civil Rights,"May 30, 1963",686
James Monroe,Second Annual Message,"November 16, 1818",4376
James Madison,Message on the Special Congressional Session/State of Foreign Affairs,"May 23, 1809",1110
Abraham Lincoln,First Annual Message,"December 03, 1861",6977
Herbert Hoover,Second State of the Union address.,"December 02, 1930",4534
Barack Obama,Remarks on Election Night,"November 04, 2008",1927
George H. W. Bush,Address Before a Joint Session of Congress,"September 11, 1990",3217
William Taft,Message Regarding Tariff Legislation,"March 16, 1909",329
Joe Biden,Speech before the 77th Session of the United Nations General Assembly,"September 21, 2022",3623
Andrew Jackson,First Inaugural Address,"March 04, 1829",1124
Warren G. Harding,High Wages for High Production,"July 22, 1920",511
John F. Kennedy,"Address at the University of California, Berkeley","March 23, 1962",2235
George W. Bush,Farewell Address to the Nation,"January 15, 2009",1841
Herbert Hoover,Principles and Ideals of the United States Government,"October 22, 1928",6161
Andrew Johnson,Message Following the Death of Abraham Lincoln,"April 17, 1865",357
Dwight D. Eisenhower,State of the Union Address,"January 09, 1959",4968
Andrew Jackson,Eighth Annual Message to Congress,"December 05, 1836",12346
Millard Fillmore,Message Regarding Disturbance in Boston,"February 19, 1851",3313
Franklin D. Roosevelt,State of the Union (Four Freedoms),"January 06, 1941",3286
Bill Clinton,State of the Union Address,"January 19, 1999",7470
John Adams,Special Session Message to Congress (XYZ Affair),"May 16, 1797",3026
Ronald Reagan,Address Announcing His Candidacy for Reelection,"January 29, 1984",716
Woodrow Wilson,"Wilson's ""Fourteen Points""","January 08, 1918",2488
Donald Trump,Statement on the the Death of Abu Bakr al-Baghdadi,"October 27, 2019",740
John Adams,Inaugural Address,"March 04, 1797",2317
Ronald Reagan,State of the Union Address,"January 25, 1984",4940
Woodrow Wilson,Fifth Annual Message,"December 04, 1917",3915
Donald Trump,Remarks on the Killing of Qasem Soleimani,"January 03, 2020",526
Dwight D. Eisenhower,State of the Union Address,"January 09, 1958",4953
Andrew Jackson,Statement on the Independence of Texas,"December 21, 1836",1799
Millard Fillmore,Message Regarding Agreement with Texas,"December 13, 1850",902
Franklin D. Roosevelt,Third Inaugural Address,"January 20, 1941",1334
Bill Clinton,Statement on Kosovo,"March 24, 1999",1900
John Quincy Adams,Fourth Annual Message,"December 02, 1828",7271
Warren G. Harding,Liberty Under the Law,"July 22, 1920",558
John F. Kennedy,Remarks at West Point,"June 06, 1962",2347
George W. Bush,Final Press Conference,"January 12, 2009",7152
Calvin Coolidge,Fifth Annual Message,"December 06, 1927",8777
Andrew Johnson,Order Ending Commercial Restrictions on Confederate States,"April 29, 1865",232
George H. W. Bush,Address to the United Nations,"October 01, 1990",2759
William Taft,Message Regarding Income Tax,"June 16, 1909",1173
Joe Biden,Remarks on the Continued Battle for the Soul of the Nation,"September 01, 2022",2903
John F. Kennedy,Remarks at U.S. Air Force Academy,"June 05, 1963",2180
James Monroe,First Annual Message,"December 02, 1817",4432
James Madison,First Annual Message,"November 29, 1809",1831
Abraham Lincoln,Second Annual Message,"December 01, 1862",8360
Herbert Hoover,Address to the American Bankers’ Association.,"October 02, 1930",3692
George W. Bush,Remarks on Emergency Economic Stabilization Act of 2008,"October 03, 2008",684
John Adams,Fourth Annual Message,"November 22, 1800",1372
Donald Trump,Announcing His Nominee for the US Supreme Court,"September 26, 2020",2208
John Tyler,Veto Message on the Creation of a Fiscal Corporation,"September 09, 1841",2268
Bill Clinton,Time for Healing Ceremony,"April 23, 1995",912
Dwight D. Eisenhower,Atoms for Peace,"December 08, 1953",3034
George W. Bush,First Inaugural Address,"January 20, 2001",1582
Franklin D. Roosevelt,Fireside Chat 8: On Farmers and Laborers,"September 06, 1936",3199
Franklin Pierce,Message to Senate on Treaty with Mexico,"February 10, 1854",580
Grover Cleveland,Fourth Annual Message,"December 03, 1888",13210
Lyndon B. Johnson,"Remarks in Omaha, Nebraska","June 30, 1966",3816
Theodore Roosevelt,Message Regarding Treaty with Panama,"December 07, 1903",3859
Ronald Reagan,Address at Moscow State University,"May 31, 1988",6955
Lyndon B. Johnson,Press Conference at the State Department,"April 16, 1964",4574
Richard M. Nixon,Address to the Nation on Presidential Tape Recordings,"April 29, 1974",4748
Ulysses S. Grant,Fourth Annual Message,"December 02, 1872",10100
Barack Obama,2015 State of the Union Address,"January 20, 2015",6858
Andrew Johnson,Veto Message on Legislation Amending the Judiciary,"March 25, 1868",795
Thomas Jefferson,Proclamation on Spanish Territory,"November 27, 1806",423
Ronald Reagan,Speech on the Soviet Attack on a Korean Airliner,"September 05, 1983",2564
Woodrow Wilson,First Annual Message,"December 02, 1913",3553
Abraham Lincoln,"""A House Divided"" Speech","June 16, 1858",3193
Rutherford B. Hayes,Message Regarding Railroad Strike,"July 18, 1877",305
Richard M. Nixon,Address to the Nation About the Watergate Investigations,"April 30, 1973",2731
Woodrow Wilson,Veto of Immigration Legislation,"January 28, 1915",857
Ronald Reagan,State of the Union Address,"January 26, 1982",5160
Barack Obama,Second Inaugural Address,"January 21, 2013",2135
John F. Kennedy,Address to the American Association of Newspaper Editors,"April 20, 1961",1500
Lyndon B. Johnson,Press Conference,"October 06, 1966",3902
Chester A. Arthur,Message Regarding Settlement on Indian Territory,"July 01, 1884",332
George Washington,Veto Message on Congressional Redistricting,"April 05, 1792",156
George H. W. Bush,State of the Union Address,"January 31, 1990",3727
Lyndon B. Johnson,Address at Johns Hopkins University,"April 07, 1965",5615
Theodore Roosevelt,Announcement of the Death of President McKinley,"September 14, 1901",297
Andrew Johnson,Veto Message Regarding Rebel State Governments,"March 02, 1867",6723
James K. Polk,Message Regarding Treaty Of Guadelupe Hidalgo,"February 22, 1848",622
Bill Clinton,State of the Union Address,"January 25, 1994",7382
Dwight D. Eisenhower,Republican National Convention,"August 23, 1956",4305
Harry S. Truman,"Whistlestop Tour in Chariton, Iowa","September 18, 1948",785
Woodrow Wilson,Seventh Annual Message,"December 02, 1919",4755
Ronald Reagan,"Remarks to the Citizens of Ballyporeen, Ireland","June 03, 1984",2272
Chester A. Arthur,Veto of River and Harbors Act,"August 01, 1882",830
Ronald Reagan,Remarks at the Republican National Convention,"August 19, 1976",770
Woodrow Wilson,Eighth Annual Message,"December 07, 1920",2706
James Madison,Special Message to Congress on the Treaty of Ghent,"February 18, 1815",828
Abraham Lincoln,Third Annual Message,"December 08, 1863",6113
Bill Clinton,Address Before a Joint Session of Congress,"February 17, 1993",6999
Theodore Roosevelt,Message Regarding Labor Legislation,"March 25, 1908",2584
Lyndon B. Johnson,Remarks on the Cessation of Bombing of North Vietnam,"October 31, 1968",2068
Benjamin Harrison,First Annual Message,"December 03, 1889",12991
Calvin Coolidge,Third Annual Message,"December 08, 1925",10848
John F. Kennedy,Address on the Buildup of Arms in Cuba,"October 22, 1962",2407
James Madison,Third Annual Message,"November 05, 1811",2273
William Taft,Message Regarding Environmental Preservation,"January 14, 1910",4053
George H. W. Bush,Address on the End of the Gulf War,"February 27, 1991",774
Grover Cleveland,First Annual Message (Second Term),"December 04, 1893",12281
Lyndon B. Johnson,Address to the National Association of Broadcasters,"April 01, 1968",2563
Bill Clinton,Address to the Employees of the Mackie Metal Plant,"November 30, 1995",3026
James K. Polk,Message Regarding the Treaty of Guadalupe Hidalgo,"July 06, 1848",3006
Millard Fillmore,Third Annual Message,"December 06, 1852",9923
Harry S. Truman,Truman Doctrine,"March 12, 1947",2196
John Adams,Second Annual Message,"December 08, 1798",2218
Ronald Reagan,Speech to the Nation on the Campaign Against Drug Abuse,"September 14, 1986",2922
Warren G. Harding,The Republic Must Awaken,"April 04, 1917",431
Gerald Ford,State of the Union Address,"January 12, 1977",4707
Rutherford B. Hayes,Veto Message Regarding Immigration Legislation,"March 01, 1879",3180
Andrew Johnson,Message Proclaiming End to Insurrection in the United States,"August 20, 1866",1936
Franklin D. Roosevelt,Fireside Chat 4: On Economic Progress,"October 22, 1933",2711
Barack Obama,Speech on the BP Oil Spill,"June 15, 2010",2698
Lyndon B. Johnson,Remarks upon Signing the Civil Rights Bill,"July 02, 1964",1021
Andrew Jackson,Message Regarding Treaties with the Choctaw Nation of Indians,"May 06, 1830",886
Grover Cleveland,Veto Message Regarding Immigration Legislation,"March 02, 1897",1886
Donald Trump,Speech Urging Supporters to Go Home,"January 06, 2021",166
George Washington,First Annual Message to Congress,"January 08, 1790",846
Ronald Reagan,Address from the Brandenburg Gate (Berlin Wall),"June 12, 1987",2676
Lyndon B. Johnson,Speech Before Congress on Voting Rights,"March 15, 1965",3691
Theodore Roosevelt,Message Convening a Special Session of Congress,"October 20, 1903",240
George W. Bush,Remarks on National Security and the War Effort,"July 17, 2004",2527
Franklin D. Roosevelt,Address to Congress Requesting a Declaration of War,"December 08, 1941",514
James Buchanan,Third Annual Message,"December 19, 1859",12334
James K. Polk,Announcement of War with Mexico,"May 13, 1846",269
John F. Kennedy,State of the Union,"January 30, 1961",5162
Donald Trump,Speech Declaring a National Emergency,"February 15, 2019",8894
Ronald Reagan,Speech to the NAACP Annual Convention,"June 29, 1981",3866
Thomas Jefferson,Special Message to Congress on the Gun Boats,"February 10, 1807",1123
Andrew Johnson,Fourth Annual Message to Congress,"December 08, 1868",9797
Franklin Pierce,Fourth Annual Message,"December 02, 1856",10473
Franklin D. Roosevelt,Democratic National Convention,"July 20, 1944",1733
George W. Bush,Remarks on Freedom in Iraq and Middle East,"November 06, 2003",3622
John F. Kennedy,The Goal of Sending a Man to the Moon,"May 25, 1961",5764
John Tyler,Veto Message Regarding Import Duties,"August 09, 1842",3225
Jimmy Carter,Anti-Inflation Program Speech,"October 24, 1978",3236
Donald Trump,Inaugural Address,"January 20, 2017",1444
Barack Obama,2012 State of the Union Address,"January 24, 2012",7145
Ulysses S. Grant,Second Annual Message,"December 05, 1870",8733
Thomas Jefferson,Second Inaugural Address,"March 04, 1805",2151
Ronald Reagan,Address on Federal Tax Reduction Legislation,"July 27, 1981",3434
Woodrow Wilson,Fourth of July Address,"July 04, 1914",3212
Barack Obama,"Remarks at Memorial for Victims of the Tucson, AZ Shooting","January 12, 2011",2817
Herbert Hoover,Veto Messages Regarding Emergency Adjusted Compensation Act,"February 26, 1931",2217
Andrew Johnson,Proclamation Restoring All Rights to Rebellion Participants,"September 07, 1867",1272
Joe Biden,Farewell Address,"January 15, 2025",2403
Andrew Jackson,Protest of Senate Censure,"April 15, 1834",12602
Lyndon B. Johnson,Press Conference,"February 01, 1964",3964
Joe Biden,Remarks on the Russian Invasion of Ukraine,"February 24, 2022",3455
Grover Cleveland,Message Regarding the Financial Crisis,"December 20, 1895",604
Lyndon B. Johnson,Speech to the Association of American Editorial Cartoonists,"May 13, 1965",2417
George Washington,Proclamation of Neutrality,"April 22, 1793",237
Harry S. Truman,"Whistlestop Tour in Trenton, Missouri","September 18, 1948",782
Bill Clinton,State of the Union Address,"January 24, 1995",9172
Andrew Jackson,Sixth Annual Message to Congress,"December 01, 1834",13411
James K. Polk,Request to Increase the Size of the Army,"December 29, 1846",497
Chester A. Arthur,Veto of the Chinese Exclusion Act,"April 04, 1882",3008
Gerald Ford,Address at the University of Hawaii,"December 07, 1975",2224
Donald Trump,Remarks at the United Nations General Assembly,"September 24, 2019",3842
Warren G. Harding,Safeguarding America,"September 11, 1919",540
Ronald Reagan,Remarks Honoring the Vietnam War’s Unknown Soldier,"May 28, 1984",2348
Calvin Coolidge,"Address at the Opening of Work on Mount Rushmore in Black Hills, SD","August 10, 1927",1041
George W. Bush,Remarks on Plan to Assist Automakers,"December 19, 2008",1043
James Madison,Seventh Annual Message,"December 05, 1815",3158
Warren G. Harding,The American Soldier,"July 22, 1920",547
Richard M. Nixon,Address to the Nation on the War in Vietnam,"November 03, 1969",4528
Benjamin Harrison,Message Regarding the International American Conference,"June 19, 1890",374
Bill Clinton,National Service Address,"April 30, 1993",5064
Theodore Roosevelt,Eighth Annual Message,"December 09, 1908",19384
James Madison,Proclamation-- Occupation of West Florida,"October 27, 1810",622
Calvin Coolidge,Declaration of Independence Anniversary Commemoration,"July 05, 1926",4427
James Monroe,First Inaugural Address,"March 04, 1817",3367
Grover Cleveland,Message Regarding Economic Crisis,"August 08, 1893",2074
Lyndon B. Johnson,Remarks on Decision not to Seek Re-Election,"March 31, 1968",4032
Joe Biden,"Remarks on School Shooting in Uvalde, Texas","May 24, 2022",814
William Taft,Address on the Tariff Law of 1909,"November 17, 1909",7693
George H. W. Bush,Address to the Nation on the Budget,"October 02, 1990",1115
Franklin D. Roosevelt,Fireside Chat 6: On Government and Capitalism,"September 30, 1934",3155
Harry S. Truman,Radio Report to the American People on the Potsdam Conference,"August 09, 1945",4043
Bill Clinton,Address on the Kosovo Agreement,"June 10, 1999",1674
James K. Polk,Message Regarding Size of the Army,"August 01, 1848",500
Bill Clinton,Address on Bosnia,"November 27, 1995",2904
Jimmy Carter,Inaugural Address,"January 20, 1977",1101
Rutherford B. Hayes,Proclamation Regarding Indian Territory,"April 26, 1879",387
Ronald Reagan,State of the Union Address,"January 27, 1987",3767
Woodrow Wilson,Message Regarding Military Draft,"May 18, 1917",1905
Andrew Jackson,Second Annual Message to Congress,"December 06, 1830",14997
Lyndon B. Johnson,Speech to the Associated Press Luncheon,"April 20, 1964",8700
Franklin D. Roosevelt,Fireside Chat 3: On the National Recovery Administration,"July 24, 1933",2979
Barack Obama,Remarks on Wall Street Reform,"April 28, 2010",3503
Andrew Johnson,Second Annual Message,"December 03, 1866",7127
George Washington,Second Annual Message to Congress,"December 08, 1790",1400
Lyndon B. Johnson,Press Conference at the LBJ Ranch,"March 20, 1965",4762
Donald Trump,Farewell Address,"January 19, 2021",2782
William McKinley,Message Regarding Relief of Americans in Cuba,"May 17, 1897",212
John F. Kennedy,Address to the Diplomatic Corps of Latin America,"March 13, 1961",2425
James K. Polk,Message Regarding Increase in Military Force,"March 24, 1846",945
James Buchanan,Veto Message Regarding Land-Grant Colleges,"February 24, 1859",3740
George W. Bush,Remarks at the Republican National Convention,"September 03, 2004",5278
Franklin D. Roosevelt,Fireside Chat 19: On the War with Japan,"December 09, 1941",2978
Thomas Jefferson,Special Message to Congress on the Burr Conspiracy,"January 22, 1807",2472
Andrew Johnson,Veto Message Regarding Electoral College Participation,"July 20, 1868",1617
Ronald Reagan,First Press Conference,"January 29, 1981",4442
Ulysses S. Grant,Proclamation Suspending Habeas Corpus,"October 17, 1871",820
Richard M. Nixon,Address to the Nation About the Watergate Investigations,"August 15, 1973",3593
Donald Trump,Address at the 73rd Session of the United Nations General Assembly,"September 25, 2018",3608
John Tyler,Message to Senate on Negotiations with Britain,"August 11, 1842",8165
John F. Kennedy,Address before the Canadian Parliament,"May 17, 1961",2936
Franklin D. Roosevelt,Fireside Chat 28: On the State of the Union,"January 11, 1944",3397
George W. Bush,State of the Union Address,"January 28, 2003",5364
James Buchanan,Message to Congress Transmitting the Constitution of Kansas,"February 02, 1858",6657
Ulysses S. Grant,Message Regarding Fourteenth Amendment,"May 03, 1871",506
Thomas Jefferson,Address to the Chiefs of the Cherokee Nation,"January 10, 1806",844
Donald Trump,Address to Joint Session of Congress,"February 28, 2017",4738
Jimmy Carter,Speech on Establishing Diplomatic Relations with China,"December 15, 1978",902
Lyndon B. Johnson,Remarks at the Ninety Sixth Charter Day Observances,"February 21, 1964",1174
Andrew Jackson,Message on the Constitutional Rights and Responsibilities of the President,"December 12, 1833",312
Andrew Johnson,Veto Message Regarding Rebel State Governments,"March 23, 1867",2116
Donald Trump,Inaugural Address,"January 20, 2025",2893
Barack Obama,Speech on American Diplomacy in the Middle East and North Africa,"May 19, 2011",5671
Herbert Hoover,Message Regarding Unemployment Relief,"October 18, 1931",1387
Lyndon B. Johnson,Press Conference in the East Room,"April 27, 1965",4631
George Washington,Fourth Annual Message to Congress,"November 06, 1792",2354
Chester A. Arthur,Third Annual Message,"December 04, 1883",8226
Grover Cleveland,Message Regarding Venezuelan-British Dispute,"December 17, 1895",1553
Lyndon B. Johnson,Press Conference in the East Room,"July 20, 1966",4079
Joe Biden,Remarks on the Anniversary of the January 6th Assault on the US Capitol,"January 06, 2022",3731
Donald Trump,Statement on Iran,"January 08, 2020",1053
John Adams,"Proclamation of Day of Fasting, Humiliation and Prayer","March 23, 1798",652
Franklin D. Roosevelt,Democratic National Convention,"July 19, 1940",3503
Harry S. Truman,On the Veto of the Taft-Hartley Bill,"June 20, 1947",1785
Bill Clinton,Remarks to the People of Rwanda,"March 25, 1998",2238
Abraham Lincoln,Eulogy on Henry Clay,"July 06, 1852",10696
Martin Van Buren,Inaugural Address,"March 04, 1837",3826
Dwight D. Eisenhower,Second Inaugural Address,"January 21, 1957",1636
Benjamin Harrison,Statement on the Johnstown Flood,"June 04, 1889",751
Lyndon B. Johnson,Remarks on Signing the Nuclear Nonproliferation Treaty,"July 01, 1968",1128
Abraham Lincoln,Fourth Annual Message,"December 06, 1864",5863
Barack Obama,Remarks on the Lilly Ledbetter Fair Pay Restoration Act Bill Signing,"January 29, 2009",899
Herbert Hoover,Inaugural Address,"March 04, 1929",3738
John F. Kennedy,Yale University Commencement,"June 11, 1962",3822
John Quincy Adams,Third Annual Message,"December 04, 1827",6917
Joe Biden,Remarks on the One-Year Anniversary of the Ukraine War,"February 21, 2023",2735
Herbert Hoover,Message Regarding London Naval Treaty,"July 07, 1930",2158
Barack Obama,Acceptance Speech at the Democratic National Convention,"August 28, 2008",4608
Abraham Lincoln,Emancipation Proclamation,"January 01, 1863",705
James Monroe,Fourth Annual Message,"November 14, 1820",3446
John F. Kennedy,State of the Union Address,"January 14, 1963",5319
Rutherford B. Hayes,First Annual Message,"December 03, 1877",10711
Jimmy Carter,Debate with President Gerald Ford (Domestic Issues),"September 23, 1976",13458
Donald Trump,Remarks at Salute to America,"July 04, 2020",3043
John Adams,Proclamation of Pardons to Those Engaged in Fries Rebellion,"May 21, 1800",290
Franklin Pierce,Proclamation,"January 18, 1854",270
George W. Bush,Remarks on Faith-Based and Community Initiatives,"January 29, 2001",1056
Franklin D. Roosevelt,Speech at Madison Square Garden,"October 31, 1936",2429
Dwight D. Eisenhower,State of the Union Address,"January 05, 1956",8258
John Tyler,Address Upon Assuming the Office of President of the United States,"April 09, 1841",1667
James K. Polk,Message Regarding Establishment Of The French Republic,"April 03, 1848",491
Theodore Roosevelt,Message Regarding US-Cuban Commercial Convention,"November 10, 1903",2602
Ronald Reagan,Remarks at the Signing of the INF Treaty with Soviet Premier Gorbachev,"December 08, 1987",937
Grover Cleveland,Message Regarding Chinese Exclusion Act,"October 01, 1888",2071
Grover Cleveland,Message Regarding Treaty with Britain,"January 11, 1897",384
Lyndon B. Johnson,Speech Before the Foreign Institute,"March 23, 1966",1581
Donald Trump,Remarks on the 2020 Election,"November 05, 2020",2687
Andrew Jackson,First Annual Message to Congress,"December 08, 1829",10508
Ronald Reagan,Remarks on U.S. Casualties in Lebanon and Grenada,"November 04, 1983",979
Woodrow Wilson,Memorial Day Address,"May 30, 1914",936
Barack Obama,2016 State of the Union Address,"January 12, 2016",6139
Richard M. Nixon,Address to the Nation Announcing Decision To Resign the Office of President,"August 08, 1974",1792
Ulysses S. Grant,Second Inaugural Address,"March 04, 1873",1332
Franklin D. Roosevelt,On Lend Lease,"March 15, 1941",2970
George W. Bush,Address on Signing Medicare Legislation,"December 08, 2003",2564
Barack Obama,Remarks on Sandy Hook Elementary Shootings,"December 16, 2012",1699
Woodrow Wilson,Second Annual Message,"December 08, 1914",0
Ronald Reagan,Address to the Nation on Christmas and the Situation in Poland,"December 23, 1981",2174
Jimmy Carter,Address to the Nation on Energy,"November 08, 1977",2455
Ulysses S. Grant,Message Regarding Presidential Election,"January 29, 1877",865
Richard M. Nixon,Remarks on Being Reelected to the Presidency,"November 07, 1972",698
Barack Obama,Remarks to the People of Cuba,"March 22, 2016",4116
John Tyler,First Annual Message,"December 07, 1841",8240
George H. W. Bush,Remarks on the Signing of the Americans with Disabilities Act,"July 26, 1990",1799
Theodore Roosevelt,First Annual Message,"December 03, 1901",19588
Lyndon B. Johnson,Press Conference,"December 31, 1966",3179
Grover Cleveland,First Inaugural Address,"March 04, 1885",1553
Herbert Hoover,Statement on Unemployment Relief,"February 03, 1931",1458
Barack Obama,Press Conference After 2010 Midterm Elections,"November 03, 2010",8563
Joe Biden,Remarks after the Attempted Assassination of Former President Trump,"July 14, 2024",1044
Herbert Hoover,Message Regarding Unemployment Relief,"December 09, 1930",309
Barack Obama,Address to the United Nations,"September 23, 2010",4099
Joe Biden,Statement to the American People,"July 24, 2024",1613
George H. W. Bush,Address on Iraq's Invasion of Kuwait,"August 08, 1990",1416
Theodore Roosevelt,Message Regarding US-Cuban Relations,"June 13, 1902",1209
Lyndon B. Johnson,Remarks on Departing for the Asia-Pacific Trip,"October 17, 1966",320
Chester A. Arthur,Message Regarding Central American Canal,"December 10, 1884",1851
John Tyler,Message Regarding Finances and Fiscal Policy,"March 25, 1842",2566
Barack Obama,2012 Election Night Victory Speech,"November 06, 2012",2219
Woodrow Wilson,"""The Opinion of the World"" Speech","October 20, 1914",1076
Ronald Reagan,Speech on the Strategic Arms Reduction Talks,"November 18, 1981",3225
Jimmy Carter,State of the Union Address,"January 19, 1978",4559
Rutherford B. Hayes,Inaugural Address,"March 05, 1877",2469
Richard M. Nixon,Second Inaugural Address,"January 20, 1973",1785
Barack Obama,Commencement Address at Rutgers University,"May 15, 2016",4926
Franklin D. Roosevelt,Fireside Chat 17: On An Unlimited National Emergency,"May 27, 1941",4553
George W. Bush,Temporary Worker Program Proposal,"January 07, 2004",2396
Ronald Reagan,"Speech on the Creation of the Martin Luther King, Jr., National Holiday","November 02, 1983",864
Woodrow Wilson,Message Regarding Tampico Incident,"April 20, 1914",1299
Barack Obama,Remarks in Eulogy for the Honorable Reverend Clementa Pickney,"June 26, 2015",3065
Gerald Ford,Remarks on Taking the Oath of Office,"August 09, 1974",846
Ulysses S. Grant,Fifth Annual Message,"December 01, 1873",10022
Andrew Jackson,Proclamation Regarding Duties on Austrian Vessels,"May 11, 1829",400
Theodore Roosevelt,Message Regarding the Panamanian Revolution,"November 16, 1903",6624
Ronald Reagan,Address to the Nation on the Soviet-U.S. Summit Meeting,"December 10, 1987",2687
Grover Cleveland,Message Regarding Civil Service Reform,"February 02, 1888",9879
Grover Cleveland,Fourth Annual Message (Second Term),"December 07, 1896",15419
Lyndon B. Johnson,Remarks on Receiving the National Freedom Award,"February 23, 1966",3894
Donald Trump,Swearing-In Ceremony of the Honorable Amy Coney Barrett to the US Supreme Court,"October 26, 2020",1499
Franklin Pierce,First Annual Message,"December 05, 1853",9586
George W. Bush,"Proposal for Global Fund to Fight HIV/AIDS, Malaria, and Tuberculosis","May 11, 2001",908
Franklin D. Roosevelt,Second Inaugural Address,"January 20, 1937",1802
Dwight D. Eisenhower,State of the Union Address,"January 06, 1955",7224
John Tyler,Special Session Message to Congress Regarding General Affairs of the Country,"June 01, 1841",5981
James K. Polk,Message Regarding the Oregon Territory,"May 29, 1848",717
Rutherford B. Hayes,Veto of Bland-Allison Act,"February 08, 1878",1129
Jimmy Carter,Debate with President Gerald Ford (Foreign and Defense Issues),"October 06, 1976",12812
Donald Trump,Press Conference on Executive Orders,"August 08, 2020",5382
John Adams,Death of George Washington,"December 19, 1799",1260
Herbert Hoover,Message regarding the Smoot-Hawley Tariff Act,"June 16, 1930",1670
George W. Bush,Remarks on the War on Terror,"March 19, 2008",3158
Abraham Lincoln,Public Letter to James Conkling,"August 26, 1863",1670
James Monroe,Third Annual Message,"December 07, 1819",4702
John F. Kennedy,90th Anniversary of Vanderbilt University,"May 18, 1963",2012
Joe Biden,State of the Union Address,"February 07, 2023",7210
Abraham Lincoln,Second Inaugural Address,"March 04, 1865",698
Barack Obama,Inaugural Address,"January 20, 2009",2368
Calvin Coolidge,Sixth Annual Message,"December 04, 1928",8061
John F. Kennedy,Address on the Space Effort,"September 12, 1962",2199
John Quincy Adams,Message Regarding the Creek Indians,"February 05, 1827",1468
Benjamin Harrison,Commemoration of the Centennial of Washington’s Inauguration,"April 04, 1889",357
Lyndon B. Johnson,Remarks on Signing the Civil Rights Act,"April 11, 1968",679
Franklin D. Roosevelt,"Fireside Chat 16: On the ""Arsenal of Democracy""","December 29, 1940",4045
Harry S. Truman,Address before the NAACP,"June 29, 1947",1220
Bill Clinton,Statement on His Testimony Before the Grand Jury,"August 17, 1998",540
Millard Fillmore,Second Annual Message,"December 02, 1851",13244
Andrew Jackson,Farewell Address,"March 04, 1837",8229
Dwight D. Eisenhower,State of the Union Address,"January 10, 1957",4167
Donald Trump,Speech at March for Life,"January 24, 2020",1527
John Adams,First Annual Message,"November 22, 1797",2052
Lyndon B. Johnson,Statement on Sending Troops to the Dominican Republic,"April 28, 1965",246
George Washington,Proclamation Against Crimes Against the Cherokee Nations,"December 12, 1792",189
Chester A. Arthur,Second Annual Message,"December 04, 1882",10271
Grover Cleveland,Third Annual Message (Second Term),"December 02, 1895",14669
Lyndon B. Johnson,Speech on U.S. Foreign Policy in Asia,"July 12, 1966",2527
Joe Biden,Signing the Infrastructure Investment and Jobs Act,"November 15, 2021",3279
Lyndon B. Johnson,Press Conference at the State Department,"February 29, 1964",8486
Andrew Jackson,Fifth Annual Message to Congress,"December 03, 1833",7877
Donald Trump,Address to a Joint Session of Congress,"March 04, 2025",10161
Andrew Johnson,Message Clarifying the Reconstruction Acts,"June 20, 1867",1825
Barack Obama,Remarks on the Death of Osama Bin Laden,"May 01, 2011",1387
Herbert Hoover,Message on the Gold Standard,"September 22, 1931",963
Thomas Jefferson,Special Message to Congress on Foreign Policy,"December 06, 1805",992
Ulysses S. Grant,Veto Message Regarding Restrictions on Rebellion Participants,"February 15, 1871",253
Donald Trump,Speech at the Unleashing American Energy Event,"June 29, 2017",2434
Jimmy Carter,State of the Union Address,"January 23, 1979",3258
John Tyler,Message Regarding Treaty with Texas,"August 18, 1842",657
John F. Kennedy,Remarks at George Washington,"May 03, 1961",612
Franklin D. Roosevelt,Fireside Chat 29: On the Fall of Rome,"June 05, 1944",1684
George W. Bush,Address to the Nation on Iraq,"March 17, 2003",1768
James Buchanan,First Annual Message,"December 08, 1857",13651
Andrew Johnson,Message Proposing Constitutional Amendments,"July 18, 1868",3371
Thomas Jefferson,Address to the Wolf and the People of the Mandan Nation,"December 30, 1806",1175
Ronald Reagan,Address on the Program for Economic Recovery,"April 28, 1981",2413
Ulysses S. Grant,Third Annual Message,"December 04, 1871",6447
Richard M. Nixon,State of the Union Address,"January 30, 1974",5156
Donald Trump,Remarks about the US Southern Border,"January 19, 2019",1516
John F. Kennedy,Establishment of the Peace Corps,"March 01, 1961",403
James K. Polk,Message Regarding Cherokee Indians,"April 13, 1846",986
James Buchanan,Special Message Regarding Transit Across Central America,"February 18, 1859",1130
George W. Bush,Second Inaugural Address,"January 20, 2005",2083
Franklin D. Roosevelt,Message to Congress Requesting War Declarations with Germany and Italy,"December 11, 1941",139
George Washington,Talk to the Chiefs and Counselors of the Seneca Nation,"December 29, 1790",1400
Lyndon B. Johnson,Remarks at a Reception for Astronauts Grissom and Young,"March 26, 1965",923
Donald Trump,Statement about the Violence at the Capitol,"January 13, 2021",642
William McKinley,Message Regarding Special Session of Congress,"March 15, 1897",975
Andrew Jackson,Proclamation Regarding the Opening of United States Ports to British Vessels,"October 05, 1830",845
Lyndon B. Johnson,Press Conference on the South Lawn,"May 06, 1964",4469
Franklin D. Roosevelt,Fireside Chat 2: On Progress During the First Two Months,"May 07, 1933",2955
Barack Obama,Remarks on Space Exploration in the 21st Century,"April 15, 2010",3568
Andrew Johnson,Veto Message on Admitting Colorado into the Union,"January 28, 1867",2883
Jimmy Carter,Report to the American People on Energy,"February 02, 1977",3478
Rutherford B. Hayes,Veto of Army Appropriations Bill,"April 29, 1879",4907
Ronald Reagan,Remarks on Signing the Tax Reform Act,"October 22, 1986",1410
Woodrow Wilson,Message Regarding World War I,"April 16, 1917",1721
Franklin D. Roosevelt,Fireside Chat 7: On the Works Relief Program and Social Security Act,"April 28, 1935",3090
Harry S. Truman,Announcing the Surrender of Japan,"September 01, 1945",1248
Bill Clinton,State of the Union Address,"January 27, 2000",9057
James K. Polk,Message Regarding Slavery in the Territories,"August 14, 1848",2136
Bill Clinton,Address on Race Relations,"October 16, 1995",4619
Grover Cleveland,Special Session Message,"August 08, 1893",2074
Lyndon B. Johnson,State of the Union Address,"January 17, 1968",9710
Joe Biden,Remarks in Support of the People of Ukraine,"March 26, 2022",3376
William Taft,First Annual Message,"December 07, 1909",13892
George H. W. Bush,Address to the Nation on the Invasion of Iraq,"January 16, 1991",1487
James Madison,Second Annual Message,"December 05, 1810",2446
Calvin Coolidge,Fourth Annual Message,"December 07, 1926",10310
James Madison,Veto Message on the Internal Improvements Bill,"March 03, 1817",815
Richard M. Nixon,First Inaugural Address,"January 20, 1969",2104
Benjamin Harrison,Address Honoring President Garfield,"May 30, 1890",285
Bill Clinton,Remarks on Operation Restore Hope,"May 05, 1993",993
William Taft,Inaugural Address,"March 04, 1909",5020
Calvin Coolidge,Address Regarding Washington’s Birthday,"February 22, 1927",4770
George W. Bush,Speech on Financial Markets and the World Economy,"November 13, 2008",2968
James Madison,Eighth Annual Message,"December 03, 1816",3365
Warren G. Harding,The Republican Party,"August 25, 1920",479
Chester A. Arthur,Message Regarding Congress of American Countries,"April 18, 1882",1681
Gerald Ford,State of the Union Address,"January 19, 1976",4951
Donald Trump,Press Conference,"September 25, 2019",7132
Woodrow Wilson,Sixth Annual Message,"December 02, 1918",5462
Ronald Reagan,Remarks in a Fudan University Classroom,"April 30, 1984",2817
Harry S. Truman,Victory Celebration,"November 03, 1948",282
Bill Clinton,Remarks at the Brandenburg Gate,"July 12, 1994",749
Andrew Jackson,Seventh Annual Address to Congress,"December 07, 1835",10823
James K. Polk,Message Regarding the War with Mexico,"February 13, 1847",1793
Gerald Ford,"""Whip Inflation Now"" Speech","October 08, 1974",4278
Rutherford B. Hayes,Veto Message Regarding Military Legislation,"June 15, 1880",3584
Donald Trump,State of the Union Address,"February 04, 2020",6341
George Washington,Talk to the Cherokee Nation,"August 29, 1796",1602
Millard Fillmore,Message Regarding Compromise with Texas,"August 06, 1850",3212
Franklin D. Roosevelt,Fireside Chat 15: On National Defense,"May 26, 1940",3853
Bill Clinton,State of the Union Address,"January 27, 1998",7290
John F. Kennedy,Debate with Richard Nixon in Chicago,"September 26, 1960",10964
James K. Polk,Message to Senate Regarding Oregon,"June 10, 1846",632
Martin Van Buren,Special Session Message,"September 04, 1837",11728
Barack Obama,Address Before a Joint Session of Congress,"February 24, 2009",6051
Herbert Hoover,Address on Kellogg-Briand Pact,"July 24, 1929",1091
Andrew Johnson,Message Reestablishing Governments in Former Confederate States,"May 29, 1865",1028
John Quincy Adams,Second Annual Address,"December 05, 1826",7713
John F. Kennedy,Address to the National Association of Manufacturers,"December 06, 1961",6497
Lyndon B. Johnson,Speech to the Nation on Civil Disorders,"July 27, 1967",1887
Benjamin Harrison,Message Regarding US-Chilean Affairs,"January 28, 1892",303
Joe Biden,Speech on the Third Anniversary of the January 6th Attack,"January 05, 2024",4158
Abraham Lincoln,Farewell Address,"February 11, 1861",151
Herbert Hoover,Message Regarding Law Enforcement,"April 28, 1930",610
George W. Bush,State of the Union Address,"January 28, 2008",5698
John F. Kennedy,"""Ich bin ein Berliner"" Speech","June 26, 1963",673
John Quincy Adams,Speech to the U.S. House of Representatives on Foreign Policy,"July 04, 1821",445
Donald Trump,Address at West Point Graduation,"June 13, 2020",2900
Thomas Jefferson,Address to Brother Handsome Lake,"November 03, 1802",913
Franklin D. Roosevelt,Fourth Inaugural Address,"January 20, 1945",545
George W. Bush,Remarks on Signing the Economic Growth and Tax Relief Reconciliation Act,"June 07, 2001",898
Franklin D. Roosevelt,"Fireside Chat 9: On ""Court-Packing""","March 09, 1937",4056
Abraham Lincoln,"At Peoria, Illinois","October 16, 1854",32994
Martin Van Buren,Special Message about the Desctruction of Steamboat “Caroline”,"January 02, 1841",866
Dwight D. Eisenhower,First Inaugural Address,"January 20, 1953",2445
Theodore Roosevelt,Inaugural Address,"March 04, 1905",910
George H. W. Bush,Debate with Michael Dukakis,"September 25, 1988",12277
Grover Cleveland,Third Annual Message,"December 06, 1887",5289
Lyndon B. Johnson,Statement on the Resumption of Bombing in North Vietnam,"January 31, 1966",805
Barack Obama,Speech on Strategy in Afghanistan and Pakistan,"December 01, 2009",4643
Herbert Hoover,"Campaign speech in Indianapolis, Indiana.","October 28, 1932",8686
Barack Obama,Speech on Economic Mobility,"December 04, 2013",6576
Ronald Reagan,"""Evil Empire"" Speech","March 08, 1983",3844
Woodrow Wilson,Message Regarding Banking System,"June 23, 1913",1178
Richard M. Nixon,Remarks on Departure From the White House,"August 09, 1974",1793
Jimmy Carter,Statement on the Iran Rescue Mission,"April 25, 1980",815
Ulysses S. Grant,Veto Message on Monetary Legislation,"April 22, 1874",1482
Donald Trump,State of the Union Address,"January 30, 2018",5105
John Tyler,Veto Message Regarding Infrastructure Improvements,"June 11, 1844",1611
Woodrow Wilson,Message Regarding Women’s Suffrage,"September 08, 1916",1300
Ronald Reagan,Speech to the Nation on U.S. Policy in the Middle East,"September 01, 1982",2897
Barack Obama,Speech on Gun Violence,"April 08, 2013",3276
Ulysses S. Grant,Proclamation Celebrating the Hundredth Anniversary of Independence,"June 26, 1876",299
Richard M. Nixon,Address to the Nation on the Situation in Southeast Asia,"May 08, 1972",2223
George W. Bush,Remarks on No Child Left Behind Bill,"January 08, 2002",2306
Franklin D. Roosevelt,State of the Union Address,"January 07, 1943",4536
Ronald Reagan,Farewell Address,"January 11, 1989",3289
William McKinley,Third Annual Message,"December 05, 1899",22818
Grover Cleveland,Proclamation Regarding Railroad Strike,"July 08, 1894",426
Lyndon B. Johnson,Press Conference,"February 02, 1967",3242
Grover Cleveland,Message Regarding Chinese Immigrant Workers,"March 01, 1886",1722
Joe Biden,Remarks Commemorating the 100th Anniversary of the Tulsa Race Massacre,"June 01, 2021",4810
Andrew Jackson,Veto Message of Internal Improvement Legislation,"December 06, 1832",591
Harry S. Truman,Inaugural Address,"January 20, 1949",2263
Bill Clinton,Second Inaugural,"January 20, 1997",2154
Franklin D. Roosevelt,Fireside Chat 12: On the Recession,"April 14, 1938",4608
James K. Polk,Message Regarding Settlement with Mexico,"August 08, 1846",499
Bill Clinton,Address on Somalia,"October 07, 1993",1860
Chester A. Arthur,Address Upon Assuming the Office of the President,"September 22, 1881",433
Gerald Ford,Address on Energy Policy,"May 27, 1975",1353
Warren G. Harding,An Association of Nations,"July 22, 1920",523
Ronald Reagan,Second Inaugural Address,"January 21, 1985",2561
James Madison,Proclamation on Day of Public Humiliation and Prayer,"July 23, 1813",799
Warren G. Harding,Speech Upon Arrival of World War One Dead for Burial,"May 23, 1921",688
James Monroe,Eighth Annual Message,"December 07, 1824",8403
Richard M. Nixon,Address to the Nation on the Situation in Southeast Asia,"April 30, 1970",2699
Benjamin Harrison,Second Annual Message,"December 01, 1890",11520
George H. W. Bush,Remarks at Texas A&M University,"December 15, 1992",3740
Theodore Roosevelt,Sixth Annual Message,"December 03, 1906",23575
George W. Bush,Remarks on Stem Cell Research Policy,"July 19, 2006",1655
Herbert Hoover,Message on the Economy,"November 05, 1929",989
James Madison,Proclamation of Day of Fasting and Prayer,"July 09, 1812",311
Calvin Coolidge,First Annual Message,"December 06, 1923",6702
Grover Cleveland,Second Inaugural Address,"March 04, 1893",1863
Lyndon B. Johnson,A Conversation with President Lyndon Johnson,"December 19, 1967",8931
William Taft,Message Regarding US-Canadian Relations,"January 26, 1911",2285
George H. W. Bush,State of the Union Address,"January 28, 1992",5078
Harry S. Truman,Announcing the Surrender of Germany,"May 08, 1945",699
Bill Clinton,Remarks to the Congregation of St. Paul's AME Church,"November 03, 1996",3147
James K. Polk,Fourth Annual Message to Congress,"December 05, 1848",21288
Martin Van Buren,Second Annual Message to Congress,"December 03, 1838",11475
Jimmy Carter,Remarks at President Carter's Press Conference,"March 09, 1977",4861
Rutherford B. Hayes,Message Regarding Election Regulations,"May 12, 1879",2380
Donald Trump,Coronavirus Task Force Briefing,"April 13, 2020",26215
Ronald Reagan,"Address on the Space Shuttle ""Challenger""","January 28, 1986",648
Woodrow Wilson,Message Regarding Safety of Merchant Ships,"February 26, 1917",1639
Lyndon B. Johnson,Remarks on Vietnam at Syracuse University,"August 05, 1964",1072
Andrew Jackson,Third Annual Message to Congress,"December 06, 1831",7172
Andrew Johnson,Announcement of the Successful Suppression of the Rebellion,"December 18, 1865",643
Franklin D. Roosevelt,Fireside Chat 1: On the Banking Crisis,"March 12, 1933",1793
Barack Obama,Speech on Health Care Reform,"March 15, 2010",4237
Ronald Reagan,"""A Time for Choosing""","October 27, 1964",4573
William McKinley,First Annual Message,"December 06, 1897",12111
Lyndon B. Johnson,Press Conference,"July 28, 1965",5180
Grover Cleveland,Message on Federal Employee Political Involvement,"July 14, 1886",360
Joe Biden,Remarks on the Anniversary of the Coronavirus Shutdown,"March 11, 2021",3243
James K. Polk,Inaugural Address,"March 04, 1845",4796
John F. Kennedy,"""City Upon a Hill"" Speech","January 09, 1961",873
George W. Bush,State of the Union Address,"February 02, 2005",5016
Franklin D. Roosevelt,Fireside Chat 20: On the Progress of the War,"February 23, 1942",4272
James Buchanan,Fourth Annual Message,"December 03, 1860",14028
Thomas Jefferson,Message to the Inhabitants of Albemarle County,"April 03, 1809",337
Ulysses S. Grant,First Annual Message,"December 06, 1869",7687
Donald Trump,Remarks on Combating the Opioid Crisis,"March 19, 2018",4919
Jimmy Carter,Farewell Speech,"January 14, 1981",2163
John F. Kennedy,Address at the University of North Carolina,"October 12, 1961",1885
John Tyler,Second Annual Message,"December 06, 1842",8401
Franklin Pierce,Message Regarding Disturbances in Kansas,"January 24, 1856",4202
Franklin D. Roosevelt,The Tehran Declaration,"December 01, 1943",347
George W. Bush,Speech on New Mother and Child HIV Prevention Initiative,"June 19, 2002",938
Ulysses S. Grant,Message Regarding Insurrection in Cuba,"June 13, 1870",2541
Thomas Jefferson,Third Annual Message,"October 17, 1803",2295
Richard M. Nixon,Address to the Nation on the Situation in Southeast Asia,"April 07, 1971",2570
Jimmy Carter,"""Crisis of Confidence"" Speech","July 15, 1979",3600
Ulysses S. Grant,Message Approving Specie Resumption Act,"January 14, 1875",1070
Donald Trump,Speech at the Boy Scout Jamboree,"July 24, 2017",4259
Andrew Jackson,Message Regarding the Bank of the United States,"September 18, 1833",7390
John F. Kennedy,Remarks at Amherst College,"October 26, 1963",1858
Barack Obama,Remarks on the Afghanistan Pullout,"June 22, 2011",2036
Herbert Hoover,Statement Regarding Economic Recovery,"December 11, 1931",819
Andrew Johnson,Messages Regarding Correspondence with General U.S. Grant,"February 11, 1868",6261
Donald Trump,Address to the American People,"June 21, 2025",525
Lyndon B. Johnson,Remarks at the Manned Space Flight Center,"June 11, 1965",1114
George Washington,Proclamation of Militia Service,"September 25, 1794",652
Joe Biden,Remarks on Fighting the COVID-⁠19 Pandemic,"September 09, 2021",3495
Grover Cleveland,Declaration of US Neutrality,"June 12, 1895",364
Lyndon B. Johnson,Remarks on the 20th Anniversary of the U.N. Charter,"June 25, 1965",3618
George Washington,Sixth Annual Message to Congress,"November 19, 1794",2921
Joe Biden,Statement on Terror Attacks in Afghanistan,"August 26, 2021",3461
Grover Cleveland,Announcement of Treasury Bond Sale,"February 08, 1895",730
Andrew Jackson,Second Inaugural Address,"March 04, 1833",1174
Lyndon B. Johnson,Address to Joint Session of Congress,"November 27, 1963",1615
Barack Obama,Address to the British Parliament,"May 25, 2011",4263
Herbert Hoover,Third State of the Union Address,"December 08, 1931",5680
Donald Trump,Address before the 80th United Nations General Assembly,"September 23, 2025",8238
Andrew Johnson,Message Regarding the Removal of Secretary Stanton,"February 22, 1868",3225
Thomas Jefferson,Instructions to Captain Lewis,"June 20, 1803",2394
Ulysses S. Grant,Message Regarding Dominican Republic Annexation,"May 31, 1870",1086
Richard M. Nixon,Remarks Announcing an Agreement on Strategic Arms Limitation Talks,"May 20, 1971",269
Ronald Reagan,Announcement for Presidential Candidacy,"November 13, 1979",3643
Ulysses S. Grant,Veto of Legislation Fixing the Presidential Salary,"April 18, 1875",405
Donald Trump,Address to the United Nations General Assembly,"September 19, 2017",4563
John F. Kennedy,Address to the UN General Assembly,"September 25, 1961",4428
John Tyler,Message to Congress Regarding US-Hawaiian Relations,"December 30, 1842",1487
Franklin Pierce,Third Annual Message,"December 31, 1855",11610
Franklin D. Roosevelt,Fireside Chat 27: On the Tehran and Cairo Conferences,"December 24, 1943",3412
George W. Bush,Remarks at the UN General Assembly,"September 12, 2002",2801
Ulysses S. Grant,Proclamation Establishing Eight Hour Workday,"May 19, 1869",165
James Madison,First Inaugural Address,"March 04, 1809",1173
Donald Trump,Speech at the Veterans of Foreign Wars National Convention,"July 24, 2018",5967
Ronald Reagan,First Inaugural Address,"January 20, 1981",2421
James K. Polk,First Annual Message,"December 02, 1845",16106
John F. Kennedy,Debate with Richard Nixon in New York,"October 21, 1960",10863
George W. Bush,Remarks on Hurricane Katrina Relief Efforts,"August 31, 2005",1145
Franklin D. Roosevelt,Fireside Chat 21: On Sacrifice,"April 28, 1942",3864
James Buchanan,Addendum to March 28 Message to Congress,"June 22, 1860",3291
Lyndon B. Johnson,State of the Union,"January 04, 1965",4337
William McKinley,Message Regarding Banking and Currency Laws,"July 24, 1897",574
Lyndon B. Johnson,Press Conference in the East Room,"July 13, 1965",4249
Grover Cleveland,Message on the Statue of Liberty,"May 11, 1886",539
Joe Biden,Inaugural Address,"January 20, 2021",2380
Lyndon B. Johnson,Acceptance Speech at the Democratic National Convention,"August 27, 1964",4552
Andrew Jackson,Message Regarding Indian Relations,"February 22, 1831",2611
Andrew Johnson,Veto Message on Freedmen and Refugee Relief Bureau Legislation,"February 19, 1866",3879
Franklin D. Roosevelt,First Inaugural Address,"March 04, 1933",1893
Barack Obama,News Conference on Congressional Gridlock,"February 09, 2010",5202
Jimmy Carter,Address to the Nation on Energy,"April 18, 1977",2627
Rutherford B. Hayes,Veto Messages Regarding Appropriations Legislation,"May 29, 1879",4124
Donald Trump,Press Briefing with the Coronavirus Task Force,"April 15, 2020",9718
Ronald Reagan,Speech on the Geneva Summit,"November 21, 1985",2381
Woodrow Wilson,Message Regarding US-German Relations,"February 03, 1917",1485
Harry S. Truman,Statement by the President Announcing the Use of the A-Bomb at Hiroshima,"August 06, 1945",1153
Bill Clinton,Presidential Debate with Senator Bob Dole,"October 06, 1996",16890
James K. Polk,Message Regarding War-time Measures,"January 02, 1849",3326
Martin Van Buren,Message Regarding Disputes on the Maine-Canadian Border,"February 16, 1839",2100
Benjamin Harrison,Message Regarding Hawaiian Annexation,"February 15, 1893",655
Lyndon B. Johnson,Press Conference,"November 17, 1967",5489
William Taft,Third Annual Message,"December 05, 1911",23750
George H. W. Bush,Republican National Convention,"August 20, 1992",4983
George W. Bush,State of the Union Address,"January 31, 2006",5278
Herbert Hoover,Message Regarding “Black Thursday”,"October 25, 1929",207
James Madison,Fourth Annual Message,"November 04, 1812",3241
Calvin Coolidge,Second Annual Message,"December 03, 1924",6967
Richard M. Nixon,State of the Union Address,"January 22, 1970",4455
Benjamin Harrison,Proclamation Regarding Indian Title to Land,"October 23, 1890",946
George H. W. Bush,Address at West Point,"January 05, 1993",3285
Theodore Roosevelt,Message Regarding the State of Puerto Rico,"December 11, 1906",1490
James Madison,Fifth Annual Message,"December 07, 1813",3257
Warren G. Harding,Opening Speech of the Conference on Limitation of Armament,"November 12, 1921",550
James Monroe,Seventh Annual Message (Monroe Doctrine),"December 02, 1823",6354
Chester A. Arthur,First Annual Message,"December 06, 1881",10821
Gerald Ford,Remarks in Helsinki,"August 01, 1975",2769
Warren G. Harding,Enduring Popular Government,"July 22, 1920",541
Ronald Reagan,Debate with Walter Mondale (Defense and Foreign Policy),"October 21, 1984",13801
Harry S. Truman,Report to the American People on Korea,"April 11, 1951",2449
Bill Clinton,State of the Union Address,"February 04, 1997",6746
Franklin D. Roosevelt,Fireside Chat 13: On Purging the Democratic Party,"June 24, 1938",3542
James K. Polk,Second Annual Message to Congress,"December 08, 1846",18217
Bill Clinton,Address on Health Care Reform,"September 22, 1993",7170
Andrew Jackson,Fourth Annual Message to Congress,"December 04, 1832",7857
George H. W. Bush,Inaugural Address,"January 20, 1989",2308
William McKinley,Speech Accepting the Republican Nomination,"July 12, 1900",2016
Grover Cleveland,Veto Message of Monetary Legislation,"March 29, 1894",3083
Lyndon B. Johnson,State of the Union Address,"January 10, 1967",14214
Grover Cleveland,First Annual Message,"December 08, 1885",19749
Joe Biden,Address to Joint Session of Congress,"April 28, 2021",7947
George W. Bush,State of the Union Address,"January 29, 2002",3817
Franklin D. Roosevelt,Fireside Chat 24: On the Coal Crisis,"May 02, 1943",2490
Woodrow Wilson,Speech Accepting the Democratic Nomination,"September 02, 1916",5522
Ronald Reagan,Address on Tax and Budget Legislation,"August 16, 1982",3033
Barack Obama,Address to the People of Israel,"March 21, 2013",5524
Ulysses S. Grant,Eighth Annual Message,"December 05, 1876",6790
Richard M. Nixon,Remarks on Election Eve,"November 06, 1972",589
John Tyler,Fourth Annual Message,"December 03, 1844",9313
Barack Obama,Address to the Nation on Syria,"September 10, 2013",2205
Ronald Reagan,Speech at the Conservative Political Action Conference,"February 18, 1983",4997
Woodrow Wilson,Message Regarding Tariff Duties,"April 08, 1913",1150
Gerald Ford,Remarks on Pardoning Richard Nixon,"September 08, 1974",1091
Ronald Reagan,Republican National Convention,"July 17, 1980",4648
Ulysses S. Grant,Proclamation Regarding Disturbances in Louisiana,"September 15, 1874",455
Donald Trump,Remarks at the House and Senate Republican Member Conference,"February 01, 2018",0
Barack Obama,Address to Congress on Health Care,"September 09, 2009",5546
Herbert Hoover,Campaign Speech in Madison Square Garden,"October 21, 1932",6570
Theodore Roosevelt,Fifth Annual Message,"December 05, 1905",25033
Ronald Reagan,Address to the United Nations,"September 26, 1988",4889
Grover Cleveland,Veto of Texas Seed Bill,"February 16, 1887",582
Lyndon B. Johnson,State of the Union,"January 12, 1966",5480
Franklin D. Roosevelt,Joint Statement with Churchill and Stalin on the Yalta Conference,"February 11, 1945",2008
George W. Bush,Address to the Nation on Stem Cell Research,"August 09, 2001",1739
Franklin D. Roosevelt,Quarantine Speech,"October 05, 1937",1852
Franklin Pierce,Veto Message on Legislation Funding Public Works,"August 04, 1854",520
William Harrison,Inaugural Address,"March 04, 1841",8423
Harry S. Truman,Farewell Address,"January 15, 1953",3703
Donald Trump,"Campaign Rally in Tulsa, Oklahoma","June 20, 2020",12646
Thomas Jefferson,Response to Danbury Baptist Association,"January 01, 1802",234
James Buchanan,"Message Regarding the Presence of Troops in Washington, DC","March 01, 1861",580
Herbert Hoover,Statement Regarding Business and Unemployment,"March 07, 1930",399
George W. Bush,Speech on Comprehensive Immigration Reform,"April 09, 2007",3587
John F. Kennedy,Address on the Nuclear Test Ban Treaty,"July 26, 1963",3099
James Monroe,Second Inaugural Address,"March 05, 1821",4461
Lyndon B. Johnson,"Address After Ordering Federal Troops to Detroit, Michigan","July 24, 1967",889
Benjamin Harrison,Message Regarding Valparaiso Incident,"January 25, 1892",6001
Joe Biden,Remarks on the US Response in Support of Israel and Ukraine,"October 20, 2023",2310
Barack Obama,Remarks on the American Recovery and Reinvestment Act,"February 07, 2009",2530
Herbert Hoover,Message Regarding the Farm Bill,"June 11, 1929",365
Andrew Johnson,Message Regarding Control of Abandoned Lands and Property,"June 02, 1865",273
John Quincy Adams,First Annual Message,"December 06, 1825",8966
John F. Kennedy,Address in Miami at the Opening of the AFL-CIO Convention,"December 07, 1961",4147
Zachary Taylor,Message Regarding Treaty with Great Britain,"April 22, 1850",986
Franklin D. Roosevelt,"""Stab in the Back"" Speech","June 10, 1940",1961
Bill Clinton,Remarks to the People of Ghana,"March 23, 1998",1665
John F. Kennedy,Address to the Greater Houston Ministerial Association,"September 12, 1960",1506
James K. Polk,Veto Message Regarding Funding Internal Improvements,"August 03, 1846",2942
Martin Van Buren,First Annual Message to Congress,"December 05, 1837",11435
Gerald Ford,State of the Union Address,"January 15, 1975",4107
Rutherford B. Hayes,Fourth Annual Message,"December 06, 1880",13333
Donald Trump,Remarks after His Acquittal,"February 06, 2020",9804
George Washington,"Message to the House of Representatives, Declining to Submit Diplomatic Instructions and Corresponde","March 30, 1796",1065
